site-id,X,Y,GPS-X,GPS-Y
1,543075.36,263945.48,52.25509630,0.09470831
2,543004.95,264010.61,52.25569976,0.09370501
3,543104.31,263914.43,52.25480984,0.09511895
4,543112.16,263935.31,52.25499539,0.09524272
5,543196.13,263881.08,52.25448631,0.09644902
6,543143.91,263907.98,52.25474157,0.09569596
7,543028.04,263970.33,52.25533182,0.09402607
8,543170.54,263891.79,52.25458922,0.09607892
